process_id,final_rinse_total_turbidity_liter
20000,1490513.799071324
20006,768161.9334610526
20007,676845.1716132951
20009,1015515.0446568122
20010,1699211.9562067406
20012,1429257.9115883457
20013,632325.8943556205
20015,5845498.953120368
20020,1636744.0059457396
20021,2917767.6498561497
20022,996371.8679688524
20024,1585107.157271321
20026,2694288.6696672216
20027,1141314.263289027
20028,1849958.188466221
20029,2453665.5905004097
20031,1388607.951482725
20032,1591833.4397132613
20034,1002129.9093470529
20036,822959.5067076122
20038,1148263.3445593943
20040,5192399.699436711
20041,3954321.9971380713
20048,1305041.3922664325
20052,1098240.4962229684
20054,1399706.5092234197
20055,3111996.6968102814
20056,2046244.522964971
20059,736406.2122279842
20060,644592.1786431877
20061,5921344.269699657
20063,2284910.2406620355
20064,3132861.8634932837
20068,1178312.661625517
20069,898791.8484159141
20083,777422.3031337773
20090,371670.6196187436
20091,2728938.445480681
20093,2152636.5853518364
20095,2478416.786907427
20099,816455.9426300412
20101,1093162.9212941257
20102,551971.307483682
20105,764057.1219874829
20106,2245114.799877933
20107,2073649.850498338
20108,812465.7932812793
20115,711388.5972888526
20122,839831.8098688158
20127,1587207.1235680534
20137,1975131.4192816396
20139,1639787.8526677862
20140,1381662.3254499296
20150,803912.6153001625
20156,238371.49566738214
20159,2120333.597165622
20169,1013792.7540156795
20170,1900503.4320349775
20172,341671.01464523614
20179,1157819.1345538748
20180,779987.5192541163
20181,986179.3927599452
20183,6096986.845631901
20184,2022627.9170861396
20186,1658015.97261315
20188,5597031.926229354
20189,971317.0574396821
20190,924026.6583175284
20192,98092.2748999151
20193,1051699.107951861
20194,1281191.829266569
20197,3409057.065247337
20200,853844.6362405785
20202,1036520.7433776192
20207,3144458.92147061
20211,3510773.97252157
20215,192845.54509974504
20216,900151.3821177958
20217,6525276.168528356
20218,5159614.144728815
20220,3682404.1472829985
20221,1555565.0547590032
20224,1522985.5886769013
20228,6090245.755038317
20231,1209505.8792497795
20232,6204986.420484237
20233,603375.6137476072
20234,1804819.7284698337
20235,640435.9737781503
20238,1027855.2510062845
20240,1452501.1811885424
20242,3528305.555152859
20243,661882.2507116718
20244,2927844.691857199
20249,731832.0027292628
20250,161826.6905087356
20252,687162.2176269419
20253,2787466.0421884903
20263,800236.4807686474
20264,4161136.224018579
20268,533748.8711161814
20269,3984986.116212604
20270,1788858.5623399373
20272,1416865.1983487885
20275,627033.1584531474
20277,4136152.4005741184
20279,739652.563927314
20281,575508.1248877326
20287,1687349.6968665104
20288,4196670.35377693
20293,1326258.74954271
20294,1070618.2660888764
20295,1977187.8952959403
20296,1634675.1539037814
20298,1112495.0100244218
20303,3146688.2761377147
20305,917487.4098104939
20306,6237165.925444048
20307,883430.289518553
20309,4360764.294107942
20310,1380203.181664085
20311,1612822.8178013158
20312,722220.5570610141
20313,2123061.844281541
20314,597086.2699337848
20316,3859434.065187047
20332,3283034.277336341
20336,3864743.398911375
20337,2553813.6317741824
20344,1492286.6464969104
20345,1195386.672820432
20347,1159921.5518341751
20348,348518.43542598933
20350,1458059.3723339047
20355,648755.7692730832
20357,2546498.6026636027
20358,934503.9743138459
20361,499343.4039526698
20362,756641.6448638872
20366,2679306.437372823
20370,727951.8240343756
20375,917559.5122186486
20378,828190.8741779788
20379,520963.93266266095
20384,698342.268317179
20386,2214836.7382742227
20387,560760.8612395356
20389,1403610.7471749904
20393,1138860.9781044032
20396,1311784.825940837
20397,1350098.0166460087
20399,6068501.174127903
20403,1057407.369113865
20404,707071.761103196
20412,2060862.6463005424
20413,6400561.9233741
20420,2338071.3654720928
20421,339123.5756061954
20422,372679.6502206548
20423,966851.0968624158
20426,1503801.1542328435
20431,3120342.247586074
20433,1746834.6526596523
20434,1148241.1812628703
20436,1352654.9590529168
20440,2568615.6091865236
20447,970420.8768657884
20448,5542785.1881831195
20449,1262726.010223406
20453,1660904.9461870186
20454,1543782.8526888192
20455,6094915.104388034
20457,661555.6412992654
20459,1680469.9232955845
20460,1601525.0124466696
20463,831227.6791714014
20465,1644082.8349852008
20466,2496487.0941596343
20467,1589402.5900282855
20472,2430092.6679642443
20473,1488140.1889024691
20474,6984554.689696284
20476,732523.0718440082
20478,5895640.629167372
20484,2608908.855666901
20487,897287.6221892505
20488,3542652.46166991
20490,1159064.276396783
20493,3594878.1087659267
20494,1689835.159865292
20496,1893540.8397695168
20499,1203142.084775447
20502,3191364.6612059274
20504,487526.8304092022
20506,1380970.5910876687
20509,1726666.9517544028
20513,1105793.6786734525
20515,3382569.409801939
20522,926423.5441303093
20524,2688054.121497903
20536,401342.6214948356
20537,694302.5503501934
20542,2179004.6251371126
20543,819774.5040260758
20546,419256.53518353496
20553,2764019.8766633985
20554,1187807.9193783435
20557,3577550.0816468257
20558,367856.2141663908
20560,1744523.627920426
20564,946679.6512516852
20565,604226.2522107803
20566,5943009.226911372
20568,831423.1896026428
20569,1519735.7517319154
20570,829480.7444313737
20571,1839314.1299270757
20574,811451.910255008
20576,6102826.1350495685
20577,1140895.0031608006
20578,1098219.8176127358
20579,702110.6524564577
20580,456832.5400989775
20587,779067.6101740259
20592,1198753.4143301237
20593,806491.2972673344
20595,863897.7699709481
20596,694827.7451488926
20598,812813.091604639
20599,2114968.562462552
20602,542981.5347667609
20603,6414976.308783172
20605,5834529.915979475
20606,773084.756434272
20608,393979.8436459793
20612,1164109.5025386934
20613,1223967.7612412348
20615,1201329.8046247384
20616,1180346.0073660356
20618,1564755.3932770784
20619,1124640.0797337838
20623,2325279.767117498
20626,1037038.9973124538
20627,746343.6936060077
20631,252109.9300587583
20634,3010821.772810223
20635,1468293.6962174936
20637,1961367.2644630745
20645,557382.4601881473
20652,6302388.161983237
20656,2441551.8388003027
20659,2054834.1129634625
20660,1751427.946657611
20661,6151887.339992436
20666,1701537.7982712723
20667,1033776.5007631574
20669,1800988.9335714418
20677,1247092.8800586632
20681,3872556.2346362863
20684,548153.8118876317
20686,2154384.5167340594
20688,1223384.8420129875
20689,633913.7659292549
20690,380357.6777112564
20694,7370379.100212511
20695,4000654.4819883653
20700,1466956.304188984
20703,577197.8474723194
20704,697470.9784550406
20707,803386.3422747301
20711,3906300.888195133
20715,1174399.9762706375
20718,1029562.3632496777
20719,932614.4310124433
20720,1257178.9677328898
20722,6205049.188830843
20724,900635.2024825525
20728,701728.2022422
20732,699630.6054198723
20734,6176594.593909772
20736,1392644.490812352
20737,6084592.453877501
20740,4047346.6551776845
20746,646284.1211445422
20748,998646.4370031152
20753,830626.8385628315
20754,1154965.408934364
20756,781461.653528366
20757,1322503.8950136027
20759,1069534.3175343517
20760,959414.7350344555
20762,2188743.3346463866
20763,1114594.7480802177
20766,765586.0520770429
20767,840898.9847236554
20772,511713.8418024297
20778,1340671.041927597
20781,403476.77709879586
20798,1898899.548410774
20801,2123553.3382297615
20803,1889169.6200873465
20804,3428800.796786481
20808,1801649.8487021576
20811,837522.520528984
20812,2093006.4582210835
20813,3563932.505989601
20815,743485.8280084612
20816,1256971.558676593
20818,1254528.3238330716
20822,1138527.9177216957
20823,1475406.920866275
20824,720252.7348158343
20826,3791046.2684742287
20829,3118920.927829957
20834,3770699.1943497295
20835,1336009.1686175992
20837,817902.9899676037
20840,546299.8653695786
20844,4012942.742312247
20849,1595798.7012178698
20850,1416825.6481054318
20853,5339692.329819575
20854,702669.8677887005
20856,2187911.6828936785
20857,4200286.029992061
20859,3977706.916105917
20861,4577984.436677404
20864,6809449.817996403
20865,3889771.143581581
20866,826329.2321400177
20869,1438041.3251458043
20871,1366683.6064385693
20872,5481524.593763398
20875,625700.0610677211
20877,1195653.297523434
20881,5431932.025876243
20882,1847359.9287156276
20884,3806621.4865568797
20886,1159621.721866501
20887,6145765.674046369
20891,1678765.3192516793
20893,1102861.5349074448
20894,1032722.0596981044
20895,5246885.419816852
20896,1255310.5976223336
20897,2308231.808668973
20905,612066.8173760825
20906,365793.8821464941
20907,2016429.8956685353
20909,1169784.3119745082
20913,3895400.4354626685
20916,1157055.7554963273
20923,510303.8248174342
20924,5333612.287205227
20926,766642.870856921
20930,6167304.413335839
20932,3397184.7241955935
20933,5285654.744943615
20934,823696.1476391793
20935,6040057.60432612
20944,3268898.67383556
20945,1052698.2342284406
20947,3516512.0506954975
20948,2473353.0209385594
20950,370547.4509259118
20955,1032626.4560203443
20956,1915014.567298315
20957,168246.74144653615
20960,1378908.0084983655
20961,634062.651789397
20962,1978755.5646505146
20963,1771527.288042891
20964,1671063.1983692192
20969,252130.76583432977
20971,1117003.1536992795
20973,812549.6821744764
20979,1761483.325606178
20980,1611549.800393625
20981,688218.298167655
20982,1696750.5880659826
20983,1668573.5590002185
20985,4168995.5113991327
20992,1313913.5603353092
20993,4143772.6863975045
20994,826304.8104738558
20997,3138892.2985858847
21001,6073793.256839691
21002,1118885.5372059895
21009,3473333.511228962
21011,737206.2314618045
21016,721777.1991001981
21017,1282547.7239004404
21018,774194.6924107716
21019,695351.3594105658
21021,384553.65984516294
21022,1786312.2612041212
21023,506864.62116097414
21026,1700073.9146942252
21030,4080216.443975316
21033,1811908.9189765013
21034,834768.9596088867
21036,1533775.1708841221
21037,1828794.877603913
21038,540601.5923577216
21039,1162193.4537775419
21045,1277858.6384340941
21046,6063572.630675821
21048,624180.9197006605
21049,431796.3972549401
21050,799750.2643141587
21052,1420517.3344488132
21055,2419606.990512899
21058,1410494.2012685873
21061,1363563.8025384396
21063,839510.033216012
21066,566553.3509134869
21069,1867764.5481108937
21074,1929589.4989166996
21075,3851901.0828505424
21076,1372507.3898521282
21080,1047505.7784047413
21087,2828775.923046555
21088,819584.8129847684
21089,1734896.7118174832
21092,893235.0230382434
21097,954840.471362965
21098,721444.7879635605
21104,888534.8284491595
21105,1340435.9493143936
21107,5975159.755872026
21108,757077.5118469652
21109,704509.3899011563
21112,1877031.8960533952
21113,2291696.81058016
21114,3724800.1337060244
21125,2486319.458864525
21127,3163658.3730800427
21128,788691.8472920775
21134,1886476.4246797839
21135,1510906.0628313632
21137,1231970.4036661028
21140,3105413.418295574
21142,494226.7176401224
21144,752639.9057214583
21150,191316.1527005434
21151,845349.8218272437
21154,817133.5347361097
21155,2208356.7676437655
21158,1741261.6446629302
21160,1284922.9782488856
21168,205142.51141670224
21169,599314.0382531083
21171,6116683.392120799
21174,2093446.4156577224
21175,2262261.793137724
21177,1796759.9064338428
21178,1889357.2963276086
21181,1096804.3474368826
21182,4029562.367852199
21185,811369.1059614419
21187,1719875.7895694461
21189,2897329.038495612
21190,1217224.4973857105
21191,1294629.0936010233
21193,1024601.3617857648
21194,1870881.4704431582
21197,2057010.3671531943
21199,1044451.5155409882
21204,611217.3262133752
21205,1005156.0654278183
21206,1491612.2005625325
21207,1282982.3319840282
21210,3789146.37561944
21212,671842.0072635186
21217,701930.945035133
21219,678287.1750760076
21220,585621.7219226253
21221,3213790.6202810653
21233,1104964.1218764274
21238,877880.6498615613
21242,1088638.9103616164
21245,1907378.4338145307
21246,1906501.798427199
21249,6400844.027365487
21253,907122.4554756477
21255,1028687.332451442
21258,3808847.1279150774
21260,3635457.448065746
21262,2354533.2402318236
21264,2863594.01744216
21273,3045599.7787611936
21276,1516120.8600859377
21279,1242832.5780733344
21283,704704.9988430671
21284,933119.0469867468
21287,2358651.6237785984
21291,2634226.451748779
21292,5385902.539236866
21295,1198571.7708751915
21298,449730.020544865
21301,970962.8068119087
21303,4174153.8530774913
21306,1973311.1980918588
21308,1929435.1683551124
21309,940614.6682868557
21310,2134903.619114399
21315,1323706.5993454824
21316,5574629.039646724
21322,1691416.0122382897
21323,3754074.1037810952
21324,1989819.0968285182
21327,640306.1598517938
21328,948971.9330814525
21329,2625247.518426674
21330,1858796.86613309
21332,2525757.9875391936
21336,3688124.970915125
21337,4103740.6214606347
21339,1344520.729164283
21341,2264311.1022356786
21342,692011.5482627559
21344,1295181.5134032336
21349,1033180.2086691197
21350,2235294.551969666
21351,705784.7977242898
21352,4251443.378821267
21353,174741.49927903106
21359,6123074.533879563
21360,3708066.4134507445
21361,1222710.287018468
21363,3184158.8224145356
21365,1845671.2395050682
21366,1036845.4302011622
21367,2311251.0295232516
21369,2379308.9499332537
21370,954543.9518159805
21373,1730207.3652778273
21374,3102471.7891824706
21375,434602.875326126
21378,4948655.438338477
21379,1664744.013717966
21380,1686406.2330290922
21382,2487095.1802655836
21392,1397002.663059717
21394,3936287.6916531646
21397,1084963.1055973873
21398,2093746.4974331108
21401,731870.7008920456
21402,682247.7446043431
21404,770846.1542541761
21405,811268.2995496993
21408,1546948.0481979083
21412,2912560.0756399687
21416,2474488.989863947
21417,917123.599016435
21419,2050119.0501283961
21421,669566.7250884508
21422,1061553.774966736
21425,2135799.644890043
21428,1479242.183275253
21430,1769548.5767386444
21431,521781.30583691946
21432,1241446.0084297722
21433,471524.2826673874
21435,846745.2376397685
21437,1428322.2831978435
21438,800856.1874151538
21439,6166795.95822094
21440,5748922.620904315
21443,925845.5111350189
21446,6212862.27373353
21447,592228.8955878139
21456,1588696.916076057
21463,2739536.953921164
21468,1908493.183710761
21471,6231363.246496368
21472,1193335.6829683795
21476,1112308.5339081485
21478,2493188.204178245
21480,683457.0572660066
21482,1827858.1165040147
21484,7049686.043578377
21485,913282.9347699031
21486,663261.8513352545
21488,1284453.7641213757
21490,1388752.8709690496
21496,1417743.7421788801
21498,3651587.3920504083
21503,1912817.471580749
21504,1180233.25315153
21505,6468431.549989896
21509,1158534.2951796479
21511,1780990.0661022302
21512,800622.3104026446
21514,985267.5070709735
21518,903716.221711589
21519,1149801.865156385
21521,633950.6782895983
21524,1219088.8873433296
21529,1381811.0455341486
21532,632646.5861216965
21533,4041641.794981335
21537,165603.39148010418
21538,3368638.656853373
21539,2815421.434237232
21541,697671.7261423718
21542,4110575.333359893
21544,2307036.5747038377
21548,636685.2819418443
21549,1674263.2952954757
21551,1438802.3492948292
21553,1290991.0244339888
21555,3416549.198504426
21556,696448.0122573795
21557,1227717.1011769199
21561,4367129.759298261
21567,1162080.4132186049
21571,937823.4332462174
21575,130879.45089007844
21576,831588.4219010888
21577,1105955.2382184379
21579,1716301.895832158
21580,1817414.04398618
21582,1591509.533465254
21585,1865804.893541055
21588,6003675.850335505
21592,1170019.6493018614
21593,1744882.7526091565
21595,1841860.091767643
21596,1197662.3587419442
21597,1198662.4534704974
21598,1998991.254611012
21604,2048024.7162224064
21605,1114289.958344501
21608,1766238.019092433
21611,6227260.041856553
21612,2410223.6377836983
21613,364916.7100758767
21614,1486128.8574556967
21616,1840552.3070411966
21618,1122675.0163510358
21622,4058390.5537391645
21623,464928.2752630365
21625,1124468.100044306
21626,2724555.120384634
21630,6091326.917029543
21631,2366744.5508865956
21632,2409765.5325968084
21633,502028.0372837825
21634,1051380.0420086118
21635,814989.9759428974
21639,755686.3550090882
21641,2041054.285462703
21642,1398350.3965441324
21643,960759.5968545906
21650,893896.3161429579
21654,2454052.663567937
21657,930100.2670762984
21659,2928056.163749666
21660,2963573.9296300593
21667,5825274.497574406
21669,2607706.501628858
21670,1081091.0735830967
21671,706072.1109178733
21672,790521.5027641396
21673,2123171.4637106154
21676,2257767.7741592815
21677,470857.062238125
21678,1516068.548756274
21681,775921.5325730948
21684,3928041.783287116
21688,5683043.822561769
21689,838046.1255012737
21690,1854121.2031749624
21693,611522.3718499136
21694,1775995.1915612442
21697,2412284.062057729
21703,6612346.406725818
21708,1436537.0105651345
21709,847892.6033706706
21710,4156284.6312294477
21711,2357477.9558067154
21712,827153.4281609479
21715,949619.6694880705
21716,1664422.4476144859
21717,4118931.69721837
21720,796793.3623368054
21724,1392277.8748148822
21725,1182327.1642342182
21728,957073.545274824
21730,4435773.459995469
21732,1570138.5218066806
21741,808078.2738184225
21746,1819461.0649161704
21750,1112411.1455670176
21751,3176694.463956229
21755,6324809.888341283
21762,793218.4795824506
21764,3490962.3825143166
21768,1301088.2435282315
21769,3296348.1087253615
21774,79809.71687036939
21775,1148210.6838981942
21779,1795564.5728891194
21780,2916333.3346840404
21781,774702.5791657718
21784,3414547.1717481767
21786,683670.7018507186
21790,6049912.995683489
21795,1381963.9542839676
21798,1827336.0377683425
21802,3273935.3861299595
21803,2296896.928811149
21806,632214.523945278
21807,1354538.6034882711
21811,2260978.9458829816
21813,657288.8446213623
21830,480894.46742799133
21836,783055.1756084424
21838,1823617.1964410953
21841,3484414.409541022
21845,604226.5458787156
21848,5945745.993374694
21854,6282910.927083602
21856,656706.8646390449
21858,740131.1395449525
21860,1927999.6307791234
21862,2046882.7271768097
21863,1623708.8158688135
21864,1087393.8434172682
21867,575109.7324210305
21868,6269074.097429942
21870,1097107.3291166467
21871,1248071.052482368
21874,1240166.5103563839
21875,1842073.4782754635
21877,602227.0036710696
21880,721052.415885771
21882,969105.3159293397
21883,4477992.581946915
21894,1920350.9242093347
21895,2914800.8041873607
21900,1371065.8998058534
21904,278326.58494119387
21910,1914861.5798034556
21913,822487.8892963969
21920,2185258.590444626
21921,1821451.9038143507
21924,1937532.695020832
21927,2232086.6569432425
21928,1670634.3752070325
21929,1774884.4326559352
21934,895843.8379631056
21938,6273858.2300096415
21939,7043658.4765083995
21940,574498.7547132815
21943,1456114.8941166892
21949,1539329.3809818523
21953,2282491.8006017287
21954,1391566.0081145484
21956,820500.8366926594
21957,720838.4819658675
21958,1826350.7461238953
21959,2067987.5932192402
21960,875393.486269537
21961,741631.4818018631
21962,292896.87529450085
21963,1125480.9341471079
21965,571643.9297535656
21966,1580774.0606658796
21967,1860636.556045442
21968,1608223.4293415817
21973,479907.322603774
21976,2066338.4442695752
21977,5305609.329661496
21978,4089200.388699189
21980,2275187.0984138995
21984,3365067.81148671
21985,1903980.7905843675
21987,1472820.9768197315
21990,3593152.1717269695
21992,179532.75238657015
21999,1046451.258367192
22000,1845117.5271120083
22002,1830325.2607109698
22007,1688258.1603785376
22012,989291.8653539517
22013,641032.4690125976
22014,1412566.325332547
22017,2113386.1683966825
22019,579537.5251207949
22023,1803898.463788204
22024,1484037.2390856245
22027,1975766.442979819
22029,5859801.136156924
22031,1974733.4842165157
22032,2914996.516833301
22035,721763.7447710782
22036,540890.0514891564
22037,861672.5810376919
22038,897964.206358121
22040,2856905.480807668
22041,1052078.7190665395
22042,917840.2731799716
22051,2320096.0241645044
22055,2333803.7269269414
22057,513247.7210551596
22058,1720060.4134683341
22060,1455485.2276816377
22061,766781.7290665698
22068,1073536.1839393165
22071,4124789.4260183363
22075,1126227.727237719
22079,6331596.341928281
22080,1819271.415891359
22081,703118.2113812787
22084,1533509.8436268326
22085,6805702.741432287
22086,1371231.2583396323
22089,3421845.779524461
22090,4063993.7798511875
22095,1123948.4542330757
22100,4557871.933248647
22101,3755097.1267737285
22103,1121268.0000016817
22104,984985.7228691622
22113,1675484.617808476
22122,717506.4308985061
22123,217090.10689158365
22128,895352.4069138133
22133,1105610.3394192236
22136,1148772.660352937
22140,1164795.8474874236
22144,1025444.8812790518
22147,815178.810089711
22148,555495.0374516419
22152,-110831.20557258918
22153,6253031.186742252
22155,3670370.7994616604
22158,1463742.9720964874
22163,1321187.2489451128
22164,585243.1020262727
22167,794405.1263896227
22169,1194692.6674345192
22170,1859880.2131160917
22172,1184000.4624692115
22174,1859290.6381690959
22177,5352680.025649486
22181,1761643.6072926412
22187,2911447.0245892624
22188,2027650.03784616
22190,1810240.664192619
22193,2014004.7361512077
22197,1006341.7350974027
22200,768778.1998371182
22203,1199746.3059688522
22206,588676.5897130984
22213,906716.9584291307
22216,6156885.4107456505
22222,6372377.989384297
22223,1405694.4300390568
22226,5869099.776791347
22230,3145092.944205054
22233,6175726.228025848
22234,3767520.160688695
22236,6044131.423438087
22237,868894.690598278
22238,1404652.9215628314
22241,5268146.045282483
22242,1731463.7013274352
22243,5501859.694562357
22248,1072928.574682603
22251,2982477.181080258
22252,1189132.261597999
22253,629674.6124142313
22255,3754329.2158574574
22256,627180.1391900245
22257,2977723.9473212687
22258,2257334.8365354966
22261,1038095.8899609467
22263,1076020.4643850448
22265,2814753.8132615094
22267,925421.1408804823
22271,1495299.0325325811
22273,982600.1767524492
22274,1003805.0812083058
22275,534955.1393978407
22283,5860859.504757555
22284,1767992.9682985663
22285,2585765.0328783253
22291,1099485.842594223
22292,1172705.521011574
22295,834867.9678623511
22297,1936794.1431329108
22302,3073929.5190575975
22306,912192.333580164
22313,3938692.1229346883
22314,140422.17083936487
22315,1369860.1809041454
22316,1497190.9364928254
22317,1916754.608140277
22318,591435.1064190909
22321,850933.9579024807
22323,3603427.772873533
22329,1371195.4622263114
22332,6166178.583609352
22333,1475351.1112244644
22334,1415498.2112836367
22335,5691889.135590669
22338,7074603.531960167
22342,808444.8752692088
22346,1197955.6260970538
22347,1300864.5178150905
22348,783000.7313901071
22349,1241908.0474451333
22353,2085701.8050924758
22354,729413.075078457
22357,746049.4142021559
22358,1172647.713119748
22361,2915913.7696674657
22364,2753475.0950754224
22365,994621.3304465956
22367,7067178.232657466
22373,805829.8266686513
22374,1005910.3355345454
22375,1530243.2002924685
22377,1967932.174236397
22380,3828366.7420712337
22386,4168745.2208733056
22390,2198776.4626087886
22391,630538.9687191658
22396,1543804.7501748002
22397,2045035.6114926678
22401,761032.597951037
22403,2061304.8807927717
22404,2309785.7702828636
22407,875227.6641106228
22411,2013234.1418835868
22413,1350495.0790568306
22417,1195122.030497403
22418,4108292.31993138
22419,702375.3217018999
22420,834236.8746031807
22421,1162924.3936453913
22425,2885465.3909128318
22426,6197974.020964194
22427,3282867.5737961084
22436,3812806.3119018595
22438,3771918.171826856
22439,1204365.7515374366
22445,1065624.3010198723
22449,1018013.422585278
22454,3423611.840386097
22456,905924.3570414353
22457,1188188.8072557682
22458,1751062.997707917
22459,1560554.6823559075
22463,1001038.8678016113
22480,1703583.679038174
22488,4120781.1556662926
22489,2305373.845796431
22490,3131564.9155495414
22493,829209.2156177374
22495,1199824.1875573522
22501,609575.3996551645
22509,3632918.463663273
22510,1172923.3051299625
22513,1543398.7186155042
22515,2888404.661367638
22521,1109040.7699649264
22531,1161600.7936531205
22533,627730.5230257973
22534,813021.1246784572
22535,1115551.3155855834
22537,1248566.1101990223
22542,1559821.022679423
22543,1582392.110472005
22544,2105093.648067034
22545,636872.2309790317
22546,964544.4405472702
22553,3579362.676616511
22560,3384597.8326386735
22564,3654280.8719409476
22565,1077206.3091362438
22571,1247356.6029175213
22572,538063.0862678387
22576,1427695.1704492965
22577,1597311.9536846916
22579,4055089.3514073966
22589,5817105.39700165
22598,4241433.213328447
22601,879200.1346802593
22604,945974.8430789439
22606,2744545.1056460105
22608,-583704.8767813649
22609,1160155.4731288059
22610,478990.61097882723
22612,3055776.22574236
22616,725673.3334270616
22617,483802.0785282003
22619,1047286.8809515138
22620,1521739.4927209902
22623,1247407.052345409
22626,1888456.228483333
22628,2092303.13341916
22630,629087.5165572676
22631,134295.3961642529
22632,2338241.9150857674
22633,3140809.400453434
22637,2063144.562999325
22640,3768840.282164521
22641,2860011.6008500364
22645,1055911.2043508987
22646,1057270.3108750125
22651,732548.5989543314
22655,2931750.60994353
22656,1547934.284086705
22661,6274483.773258785
22662,1238914.9359013266
22664,1216982.0074770784
22665,888931.7101541895
22671,820235.2908081757
22672,1196313.5018681716
22674,479501.37979314267
22675,4371950.3733148975
22676,556172.4360793086
22677,5598330.978392219
22679,909754.8923676454
22680,3916768.5711748903
22684,200215.16954576946
22685,1422765.904463423
22686,1761832.6762856771
22690,1366400.5879562155
22691,1898236.0272730768
22693,167224.30475120083
22696,3460193.318793224
22698,1039398.0164145746
22699,1877251.1615270942
22703,1858418.824370224
22705,693783.2650554387
22706,412592.99385462503
22708,1327396.4669601326
22709,1464021.3612801926
22710,1411485.9766575312
22711,226089.51194691588
22712,3925858.7484944644
22715,1055997.37313156
22716,1811724.3392798463
22721,4231924.406169704
22723,721447.7158150051
22725,2595307.598928707
22727,2248942.912674664
22729,1760657.9244042728
22730,734022.4724582413
22732,1104440.499211884
22733,5813486.510996969
22735,648270.4489763606
22737,1033948.4953071799
22741,679920.0534124014
22746,1680499.312528953
22750,166560.67492037546
22753,1735480.1330718375
22755,1428286.8455454202
22756,1353941.7505525001
22762,1253561.6560139535
22763,750054.774742779
22765,1209687.7447512299
22767,932283.2927615944
22769,3137651.1276488537
22780,2305508.5062155663
22782,5811554.736099694
22783,733385.6864992304
22785,2453366.7559050513
22788,329915.2987404396
22789,973929.8265070091
22791,1008309.0740805052
22795,506416.6006952699
22801,1815106.155733306
22802,2295177.0322205657
22806,833618.6481165485
22810,1359050.0091436205
22811,1426938.8448946974
22812,669486.0048495517
22815,1053526.3549453735
22818,1244507.7268337256
22822,1354524.4052242024
22829,498071.691932983
22832,1332206.775507155
22835,6316018.7704360485
22836,1007573.134287924
22838,4178605.3613863015
22839,2737585.763746188
22844,1026956.3653309727
22845,1645603.1871207491
22848,860068.1808145999
22853,2509913.786069899
22854,609714.8112155732
22856,1151871.2253269472
22857,1480860.3149760945
22860,817886.6152722947
22862,1204247.6953599574
22864,1915762.16600459
22865,1133131.4348321622
22866,719075.4361217618
22867,1473754.1137095504
22868,3403769.045267456
22872,622043.3299880554
22875,1954921.9168284668
22877,1325894.3403311071
22878,1294416.1987220866
22879,3986032.907765596
22881,995163.1673007882
22883,636149.3552609275
22884,649364.3683901059
22886,781134.2947278419
22888,1208703.29395568
22890,1394091.509108397
22891,1097184.5579639706
22894,5280007.975393938
22895,882395.0582269134
22899,1555458.412091614
22903,1132136.630116792
22907,1282236.7100563215
22909,1159016.0039810021
22910,2781972.3673256477
22913,1205799.3872032603
22916,1550364.8171446165
22917,936062.9939144072
22920,1332190.8127066991
22925,769928.7662430587
22926,977918.941591122
22929,2499012.435570374
22931,1372712.7211666221
22932,3229126.7266859473
22937,489667.05804130714
22939,2141660.5741421576
22941,810404.4486784035
22948,498945.39337598206
22949,959124.8529300804
22951,1965801.8913240058
22952,3464518.719515506
22953,1064345.3789400863
22957,1450402.6671767137
22959,2586477.530498128
22960,1482457.9472454363
22962,2407008.495727627
22965,780149.2119287653
22968,969803.7395114638
22970,541699.2102440589
22971,2320588.5276859063
22973,46442.6988556108
22974,1137839.8379725732
22976,1853422.219704458
22977,948319.5800122854
22980,992259.793813447
22981,1183987.9872777476
22987,880273.1308545629
22989,6058568.031519813
22990,1425118.0804908497
22991,1763895.178508846
22992,1843898.177646449
22997,1108707.7623006604
23004,2100894.574837993
23005,1567967.5852998896
23007,4179846.097244656
23017,1718699.1574716424
23019,849428.7810020816
23020,1110247.7234360094
23022,916518.6858224488
23023,709256.7210228934
23024,5943213.072703347
23028,3787301.702050435
23030,1486492.7398459392
23033,1321896.75329053
23035,974925.3306317786
23036,812759.3407240483
23040,706080.9163083249
23044,1898946.1456489894
23045,1900539.3039859934
23051,4296686.253401021
23054,1236606.8680550074
23058,809423.006266529
23061,1554299.524822016
23062,1518272.2012869078
23063,1362995.7737383775
23064,2318351.274803051
23065,1742149.235178179
23067,1215284.0612721778
23068,1096189.6971759954
23071,1517196.910263111
23074,1533017.740205976
23077,491100.52497605694
23078,6034435.408260213
23080,1023201.3473833317
23082,7103576.023758713
23084,3233841.494669882
23085,348605.22041223967
23091,945465.6284638625
23092,2889881.9760650066
23093,1341978.7444863333
23094,1255249.0690427972
23096,796978.5694625945
23097,3127106.6288557695
23098,5613534.8407064285
23099,3940686.9276869646
23100,1704680.0253922248
23101,2441526.503190885
23103,764925.6897340331
23106,1609472.5518880526
23108,968181.7517200452
23109,1712854.9290131528
23113,490773.69724745647
23114,1498094.5881274724
23120,2016338.6586433903
23121,3501947.274154174
23122,2704242.254796749
23123,6031179.241216447
23125,4210343.400093894
23129,5582644.336523617
23131,542622.2515464062
23133,844635.5321068637
23134,1542155.9712141687
23136,2390285.9901634594
23139,1309531.125044058
23141,1276688.3275471749
23144,457511.9947489619
23149,1552613.5185472604
23160,5730568.69536704
23162,2292548.2803024063
23163,2271989.1252664793
23168,4155050.817409023
23170,1374215.6522097527
23173,-2129.3412255814765
23175,3270295.0598425046
23180,5971664.878567481
23182,2051484.2452463317
23185,4505100.793304892
23188,-256297.1358974498
23190,101543.1223542532
23192,1872392.426881037
23195,826867.4980302617
23197,4121967.084378539
23198,761091.3647744356
23201,881656.3167788105
23202,5282218.505518572
23205,328565.555669053
23206,1281644.0237439699
23207,3104417.7536413735
23208,2084418.7524412498
23213,1289053.234927713
23215,1000850.1534870316
23216,955913.4931994036
23217,5462732.092646131
23218,833282.9369243381
23222,5846990.117137361
23223,1928378.1075282923
23225,2585893.814777278
23238,282828.02609755064
23240,249190.11772446288
23242,846137.8506827153
23245,3186914.481920924
23246,785909.861580793
23247,6142960.339701638
23251,3763516.7175525976
23258,3470294.3361240714
23264,1325863.1537473141
23268,386777.33868171886
23269,415402.40283658775
23272,1115797.0724182166
23274,1096658.8022501974
23276,3413402.9313621293
23277,2059295.9837004624
23278,2206347.2033370677
23280,1141505.910764691
23285,1494240.3889965184
23288,434213.8718442238
23292,486111.3309928053
23294,228169.17699912656
23301,3929565.4113105275
23305,6256148.134346079
23306,788063.3388778556
23307,715371.7485386222
23308,644218.3297461995
23309,1789920.8257781914
23310,1737910.4174405697
23313,1101068.8623197263
23314,3384014.830308948
23318,2194113.222588675
23321,614138.3463719392
23328,787718.2803517956
23332,1857884.770065755
23333,932042.6099939756
23336,1906128.225487608
23339,921651.4814477768
23343,643805.6864481028
23345,1578435.4953408418
23346,4161611.8460025103
23347,1774925.8714027454
23352,1488859.9844482297
23353,1826210.286838648
23357,5879519.641475508
23373,2631663.912404796
23379,1266382.1172936955
23381,1196744.9640185805
23383,873989.507534876
23384,5776043.102433965
23387,1151199.1061121041
23388,894205.8209087366
23395,3722447.8376523317
23397,6230587.254181147
23398,835385.3975133988
23399,1245068.0872997905
23401,2392553.5539936437
23402,1937975.7674228207
23403,4255169.984394195
23404,2006831.947641755
23405,3481227.804501609
23406,206929.87543745502
23407,4030189.7980755134
23408,1505509.948488615
23417,1776728.2636142215
23418,579771.8857984862
23420,1109411.709709483
23421,918115.4320837323
23422,1668024.5625134348
23424,4027694.3620265755
23425,706731.9185541563
23427,424932.94208255666
23429,2074468.9668550882
23430,1935554.4438138055
23432,590806.7794251387
23433,716210.3425134833
23438,4359583.017049557
23442,5993172.556282196
23444,3232580.5573019073
23445,1862637.6282098044
23446,6294630.744546279
23447,954996.1137198457
23448,3699727.699198963
23451,2093361.295461351
23453,866689.3416825699
23454,1040281.6534211803
23455,3534434.062170949
23459,6424667.696812833
23463,3685850.7685135985
23465,762657.6780796614
23470,933576.950099991
23473,816028.4879795699
23475,937102.6049077116
23477,773771.4281394472
23478,112578.67516525136
23481,1169162.1700453362
23484,1099148.779178284
23485,5529123.7630663905
23486,3847602.3963495377
23487,1373620.5958863415
23489,1265550.2286081566
23490,735069.949624199
23496,457592.8271859854
23498,1195089.4145912784
23502,3828017.4368307274
23503,1467973.3987034839
23504,5432492.9898104
23506,5992808.612996347
23509,1799332.5074906582
23513,577242.1282944272
23516,5378776.529054012
23517,1835630.160381223
23519,3037761.3009629995
23522,5962812.434269236
23523,5628060.458334738
23526,937792.1645178203
23528,3728292.434677183
23529,4043635.423189172
23530,169529.1189063699
23531,5551690.616640916
23533,1695945.6418101168
23538,1189001.544359086
23540,1060688.4125161092
23541,3478990.8797459123
23542,961114.0605526229
23543,6205784.474753963
23546,1393088.3648967757
23549,2003089.7156245697
23552,739577.7830095522
23553,3087588.8406416527
23554,853914.8032149429
23555,932686.8068447714
23556,653853.9276659398
23564,1902408.4182180942
23566,626520.8112991301
23568,3053412.610423614
23570,1615230.165035666
23575,2068240.259518155
23576,671947.5180976733
23584,1181652.574141429
23588,3565972.3212559423
23589,3597875.4496614863
23590,1204238.2216523793
23593,1154458.37398411
23597,1126631.2391668172
23598,1763028.5297803401
23600,4119724.99737705
23602,1071742.6990310636
23604,1662301.8870275407
23611,1291524.817585365
23613,1619428.548885624
23614,2834268.3888751958
23617,792814.9881481128
23618,2363993.166142898
23621,3454505.9869165006
23623,837701.5758010104
23624,1057679.58615318
23625,769894.7283497476
23629,660669.2683377748
23634,675614.9771990564
23635,659016.4495670118
23636,2949849.326069848
23638,5805854.412464155
23641,1991098.882262871
23642,810604.3354940454
23658,5396321.067056315
23659,1168206.014196802
23660,3742341.72094388
23663,1880570.4548483905
23665,813939.0974913529
23666,2049384.2611761102
23667,1321186.238331712
23668,919440.7703139099
23670,2076588.0360178442
23671,1766058.7159678813
23673,6085126.162711395
23675,733164.1444954337
23676,2443401.9142155964
23677,6162322.716742998
23679,848212.3612568319
23681,797011.5499907508
23682,1090388.8350910428
23683,4161489.491424857
23684,3167839.1883760686
23689,3707952.3523754864
23690,6412104.2160620205
23693,2306202.732469584
23698,1024649.3460480499
23699,1837147.1281968479
23700,1233000.2637548433
23710,1715522.2514839754
23711,1146784.168941704
23722,3865083.347403358
23727,1299496.0171121215
23729,3665274.577525322
23735,787916.0241652052
23739,1887411.5568188904
23740,1149650.362755014
23741,471903.819042997
23742,784729.1775892923
23743,1124097.075494707
23745,718150.1645058584
23746,720471.8665020531
23748,1254803.191067195
23752,513121.54204756673
23753,1049215.042256042
23754,2872471.5861026677
23755,1042497.1953791978
23758,1853105.4382011665
23760,2217466.5769736925
23762,1025586.6654200654
23768,3709710.5873367344
23777,1757274.3722007656
23779,1833377.3130257411
23781,1517426.7834489937
23782,1488248.4627457648
23784,1710747.041744386
23785,1688834.6009956808
23786,897905.8289652909
23791,908948.7525587047
23794,3888687.775036518
23796,1131875.5424231167
23797,1331585.4253897844
23801,1373872.752041636
23804,1084872.091694607
23806,1023390.1646629153
23810,2857148.8493855684
23811,1530178.7326929609
23813,4142497.211890781
23814,3221183.7756577823
23815,589591.8901317421
23817,906500.4189988789
23818,2336118.9628479383
23819,6310915.73820721
23827,2309767.217942223
23831,5432286.072712939
23832,799734.206402313
23834,1309345.2953956951
23835,1670777.8163101312
23838,1166407.8604084072
23839,943716.9822002021
23840,317764.12638607953
23843,785586.9959622067
23850,516103.5619571791
23851,894598.7411459293
23853,3968338.7089134483
23856,6000987.722846163
23860,1705900.2500530938
23868,1441803.6115562129
23870,2423533.6252593193
23871,671032.1777197432
23873,2620579.6653476646
23880,755474.339999906
23883,654138.7559496611
23886,1639501.7493234114
23889,2415833.458618123
23891,1525553.0145695377
23893,1597030.995090756
23901,2196150.2050340613
23902,932310.9973688518
23907,1317674.7743950733
23908,2745749.5951484097
23909,2822726.588501932
23917,585005.3117506558
23921,1124433.398217644
23924,2895248.92876636
23926,1280086.8352180296
23932,1604823.2902708321
23934,1447471.2850483235
23941,440114.5910234316
23942,1197765.2498640507
23944,546494.9359524688
23945,1131715.100645744
23947,1927690.781731286
23950,1849536.4135755936
23951,4247587.841750067
23953,2012596.5138585207
23968,1373210.7253255383
23969,1272853.9575494821
23973,1109317.8231644498
23976,3430106.567721293
23979,736369.5107016294
23981,3651237.637790698
23985,2350832.5088319606
23987,1312647.0055894936
23990,1498195.7200172413
23992,659176.7006450994
24003,2074307.9873272805
24005,1709646.392965308
24009,1189009.6000265626
24012,1016069.2127008794
24014,882184.4764483322
24015,1440067.4636504038
24016,938664.7310636328
24018,1028063.1634120829
24021,1711587.6276208935
24029,3692010.9677602528
24032,3519401.2271022866
24033,1098330.7093203568
24035,395166.68318134226
24036,1907708.0775270867
24044,610043.882209233
24045,1968831.8067152738
24048,1358983.5149887663
24052,753694.2232738446
24054,3410841.1304774443
24057,419322.57718466537
24059,4478433.86403691
24060,787690.2237584728
24067,1145227.3470371785
24069,3894048.3934878944
24071,3098764.360331211
24082,737943.2444584328
24085,742274.033195502
24088,2859703.177980046
24089,1261293.4983348628
24090,3497910.8955197237
24092,1388015.784682632
24100,1876376.9412821757
24102,3763232.083334747
24103,2493559.1265040897
24105,276106.55399443203
24111,640285.4615740554
24112,6203606.032948114
24116,114749.91176141985
24117,3921155.5322647295
24119,6113676.8592414
24120,5250837.459810428
24122,2278101.517559189
24127,1074342.1048253109
24131,1763923.452153468
24139,1189602.4845441747
24141,468168.27529769775
24146,704521.6010701904
24147,1423265.6187099337
24150,753183.6382484209
24155,1426105.4300331578
24157,585538.6235664025
24161,-59171.44545899122
24162,898344.590424628
24163,483606.40634155937
24166,726524.5390274273
24169,5950738.973540215
24170,495993.60418550164
24171,1519201.1980863975
24174,6294960.980910316
24175,681574.0348845707
24177,895802.8915417276
24178,953792.4922744457
24180,1025018.2801618343
24188,804739.9704565082
24195,687121.4684120334
24197,1167333.3254530602
24201,1813223.6716033565
24203,663623.520853204
24204,1801111.144490851
24210,1499431.6446666354
24212,6154236.00744918
24213,2550133.460127552
24216,766266.4915755411
24221,2250277.612238061
24223,108782.32986996358
24225,1168834.3077894123
24229,2078612.0364332683
24233,736396.3412408514
24235,2688644.6819942407
24237,7104243.412672702
24240,1323316.2877601415
24241,6422515.307003515
24244,6000244.392915688
24247,1199887.3996837037
24248,868249.3044901509
24249,681532.921128991
24250,1850558.512854646
24255,924569.2955675046
24257,1102562.5862494903
24264,2931065.1650664965
24271,5676130.645586088
24274,1820085.0977790928
24279,955301.2865485495
24280,2545200.9364813445
24281,2149403.4349789405
24283,2966273.011747542
24284,2112799.289692684
24286,643876.1722160237
24294,1861018.957785796
24295,679311.5939548542
24298,697750.4396528676
24301,1489251.7036769232
24307,6185396.733134752
24308,666480.9105362811
24309,657543.1228503749
24312,2084758.019610153
24313,659416.8627058557
24314,743225.4913704221
24317,2574316.5156520936
24318,1626593.517623436
24324,1638204.5089871488
24327,1225695.1196132652
24328,5228368.293052662
24329,1197392.402954644
24330,3152911.2902720952
24333,1498148.4846806815
24334,925988.2685131661
24335,4111278.474566149
24337,2043398.6130633212
24338,2738591.3238240206
24340,1860443.89694655
24342,1049351.8247693956
24345,3973222.0356369833
24348,1533630.7304850162
24352,5994020.57989512
24353,1707419.0293583144
24355,1019241.8004779178
24356,2340879.719955299
24358,1594677.7323777445
24360,2068592.743431549
24361,614957.2438308126
24362,599881.2166939024
24363,442416.0089959671
24364,2281592.8546031336
24365,1561025.1383926137
24367,556592.5186974211
24370,1550859.5166715602
24374,665740.7603612226
24380,1726449.9827161822
24384,2947922.0976359667
24388,3409194.174060397
24389,719534.714524399
24393,1154919.700479782
24397,741227.1268308735
24400,2767317.2335391575
24401,1320283.0493579903
24402,1851359.456020384
24403,439729.6581192389
24404,1437674.9509489278
24405,1386304.1921195998
24406,1516966.785598262
24407,3510173.5037437724
24408,1087939.671998987
24409,5376322.020833809
24411,5969178.685858196
24412,7012383.971779097
24414,2059063.762214368
24417,1371131.1124902242
24424,1277228.1328399326
24425,2169871.4299632693
24426,1126854.4187329821
24430,4015120.9079154828
24432,1404845.130291252
24434,1317833.9759760143
24436,708404.1150674098
24437,4174344.618787234
24439,1264005.6461643125
24441,1786070.697787622
24443,3553447.0296616894
24444,1650123.5691363655
24448,644912.1573527851
24450,2072872.9208250507
24454,2454704.666827947
24456,2161542.5369108105
24467,2471954.427842871
24468,6138815.191380283
24470,1540736.548705935
24471,6402023.8859652
24475,813942.3831743919
24480,1826640.853216009
24481,1768990.9112086603
24483,7011871.045826759
24484,2594758.1286003124
24485,3006816.9898096463
24486,4414089.455994882
24487,1622678.533695524
24490,4179757.837666419
24493,1565211.1789819046
24495,661432.3270666194
24498,1403156.5630589044
24506,1084776.751931118
24514,794192.2777085311
24518,1048726.808890487
24523,890310.9698765301
24531,3178193.5577412504
24533,4008500.094562651
24534,2643512.5828631893
24542,3632763.8426395324
24543,1136545.654314736
24544,1759828.8287020833
24546,3565133.0460705743
24550,3440410.064094097
24552,879491.2292012388
24553,595470.4361572877
24554,1894553.6517970413
24560,1324795.2168800598
24561,963002.2595469267
24565,1679761.8984547395
24571,1280642.307032827
24574,1741199.5845002027
24576,5830305.2420079615
24577,1053398.3256352583
24578,4659090.693798639
24580,822048.405023291
24584,1139187.9468390371
24585,1072658.6170608033
24587,922782.7570570193
24590,748505.4790027111
24591,2130631.4680417776
24592,1195733.7983341364
24594,6006657.169412682
24597,325706.3904138395
24600,2495570.8841303866
24604,227733.7630598368
24609,1508044.7904979754
24614,1973342.1404836862
24615,1985965.7848949642
24618,1514111.9994375505
24619,1825024.8431459474
24622,973573.0848184229
24625,1485181.3721294617
24626,2779651.46331605
24634,766119.3918957923
24637,6239641.729525579
24638,970100.6695797688
24640,859444.7798481593
24641,3516639.2400656138
24642,1467304.712418227
24646,1108080.3528403908
24647,1219718.7767377081
24648,597762.9903762597
24650,1610936.5703271548
24651,1144003.2827923668
24652,968202.3360716385
24656,1525704.9487537653
24658,1795394.981281299
24662,6307662.112162733
24672,1161645.1508233587
24676,1357606.4087181594
24677,2032289.801985478
24678,831573.6973077406
24679,1466901.8668937045
24683,365428.4785369808
24684,1492879.8836059517
24688,699130.0719539609
24690,2318709.196394638
24692,1249310.397460591
24693,1468962.200610865
24694,541344.9654936714
24695,3527618.3757424564
24697,6201734.08536143
24703,686115.5505029666
24704,880521.1907703918
24706,1798372.0176466298
24712,3720823.10902767
24713,3773351.991947017
24720,6090926.616275998
24723,1819840.458599402
24727,5547975.725831496
24731,1900687.259769088
24733,1192759.7040214383
24734,957114.4938434404
24737,1640342.209789187
24738,5216021.279967604
24740,3506933.3941865233
24751,5185344.697680792
24756,1691674.07999565
24759,6636368.932383845
24760,3514657.5694302395
24761,719158.110990447
24762,1569011.641988968
24773,2050456.4620510982
24778,2512445.1600478413
24780,4016813.4744577403
24786,5931998.246779952
24787,1604669.4017527318
24789,769361.9343265188
24796,2871304.2297341526
24799,3756054.35886377
24800,1151236.3496621375
24805,802923.8029298867
24806,1005687.9337506783
24809,1452451.739018038
24811,720511.9746212536
24816,3345651.340744684
24828,945526.6918770354
24833,869220.1065168001
24837,4225325.123693916
24842,5275051.119278125
24843,1775469.3595617646
24844,809238.8372409225
24853,695244.9812364648
24855,3754537.594511897
24856,2235851.1966435453
24858,896245.9673968079
24859,213529.066070233
24867,1140343.3932540934
24869,2271763.0781530896
24873,3764830.310105187
24874,1177739.9637548036
24878,1400282.1093681129
24882,943085.6337495872
24885,927399.0490026436
24886,1833379.2428296395
24889,6106236.010982385
24892,821501.3367355271
24893,1088853.6118992376
24895,6080244.819801247
24897,949531.1400844296
24899,1167482.9863814134
24904,1146128.105991297
24906,786933.596495739
24913,1055311.3227583126
24914,1817622.835508196
24915,1159525.0165972528
24916,2493771.580913224
24921,3439992.9607673287
24924,1276011.6761350865
24925,1193515.2303600654
24927,704456.8171405606
24928,1614785.1451917603
24930,743842.1677780796
24933,4211560.631964663
24938,763048.6694923333
24939,1145049.5080455784
24942,675845.4264227989
24945,1363196.6369616813
24948,797949.4463001366
24950,4047382.869879397
24953,5868829.313981267
24956,1939319.3397025405
24965,334722.2008715905
24966,1372183.2640140436
24967,1443429.481565501
24971,807101.8424720818
24972,1029995.4604201899
24975,2814872.1057886337
24981,5399588.481050208
24983,1878697.6827567355
24987,1911036.7160654322
24995,1222576.2380527004
24996,1661509.0926985326
25002,5809060.725547258
25005,6145296.531484624
25008,1482952.0875759525
25010,1072563.0375494899
25011,3762020.8681042143
25012,2412015.5735299615
25014,713828.8758001558
25019,3485427.6235375884
25021,596661.814462133
25026,6175993.189408395
25029,916129.1528835776
25031,1405742.1479265227
25032,1908054.4654912513
25034,674595.4900617203
25039,2082843.8602149058
25049,4326182.353745202
25050,947685.6838299183
25055,6369591.212732526
25056,716860.1869530971
25059,5894877.81345835
25060,2244990.411600316
25062,1649194.1262373861
25063,2918464.72945352
25064,1311511.5318727302
25065,1894471.666356015
25066,1097384.5709730962
25067,1402428.8698731055
25071,1688874.7236599347
25074,740484.3806927279
25077,4429159.870582949
25087,1374265.059058755
25088,1096967.8288465089
25089,1018444.9203508333
25090,1156218.1390187498
25091,1163216.0889149038
25095,690041.2485109144
25096,2049785.2873133968
25098,1119302.4936851857
25103,755036.004818948
25104,1466310.4858026726
25105,691162.8651988057
25108,1475102.0588268358
25109,1316154.8899444405
25110,1843090.1890858647
25113,3820267.4881708142
25115,797981.8995151777
25118,700988.5428580513
25121,1314718.7720124668
25122,4813965.886872597
25123,1538686.397307204
25131,2393538.9858205738
25133,952924.0841549458
25138,750395.7532586935
25139,4040577.582383622
25140,1688150.119627435
25142,1185573.5429451293
25148,857339.1798800821
25150,771241.5662747521
25151,1094431.56144718
25153,1053155.1229148076
25156,1130775.7660780386
25164,940865.9025155713
25169,1038803.1245105574
25171,-158107.78467767732
25173,753007.0510793594
25177,1139893.3843058192
25178,712928.5926620788
25180,6162569.123181194
25186,1360033.9652296652
25190,678107.5364308263
25192,3064714.346166382
25194,480946.84785845276
25200,1296278.857908837
25201,6096471.188734796
25203,1008453.7011431872
25205,571040.6985056004
25211,509385.655130266
25213,1867631.6796764908
25218,1239883.0739723523
25223,1142294.166485371
25229,763773.8678269342
25233,2352198.662267981
25234,1596736.208534217
25235,1288149.1492933985
25236,5791635.35145372
25237,2548165.4011374917
25239,1665693.514510177
25242,801524.0659706793
25244,718468.7353115603
25245,6001512.313857872
25248,2099092.123613924
25254,1925075.0020438957
25260,3467789.140251703
25262,5887000.419799931
25264,902990.4144346202
25266,1377523.1170442053
25276,392954.4733907336
25277,881374.8479787442
25278,5826253.442608848
25280,1918175.136467981
25283,873756.5063431989
25287,1187551.9107558797
25289,623303.0331970877
25292,3678486.7927310094
25295,1555459.614437104
25297,1670621.182213762
25299,1087784.6198438993
25303,1203342.872024835
25304,1584724.3656837023
25305,1908069.13487462
25306,1412685.8779189033
25309,1031622.2619720906
25310,6278592.634948313
25311,1389887.8259987463
25313,6421176.665944863
25314,2078934.528888591
25320,1102151.5437171478
25321,751487.7844387664
25329,5949741.147659633
25332,510522.4987829556
25333,1282455.6897479123
25334,2109500.288519977
25336,3687839.6582706477
25340,5974518.792046364
25342,644782.7231285454
25343,1112767.1278317012
25345,1505081.9064703684
25350,817029.8057647881
25355,4045748.801224805
25358,1679875.5552878878
25366,2388477.908798506
25367,736110.4428811613
25369,3620831.878285825
25370,1998224.120110469
25372,968784.1628296969
25373,645019.684854126
25374,1846376.3402569606
25375,1138938.2980794287
25377,1182608.6974387837
25378,2239834.427675496
25381,1522618.707490866
25382,1612072.3178136842
25384,5485390.327124136
25387,2839877.648094026
25396,1128406.75531276
25398,1620758.3276152837
25399,6091080.100001264
25402,3617507.3575307885
25409,6168351.33008413
25413,2129291.3764820066
25415,3472891.2153420798
25419,3051404.3640066776
25420,1230582.989514431
25423,3501032.529495043
25425,1582507.2816770049
25428,1802948.3561682214
25451,792383.9522651891
25457,1341546.792758073
25463,816698.7285179058
25465,1759953.9536936185
25467,1983010.6455999436
25469,1272680.7089721137
25470,1613769.0139819996
25471,6086642.676375667
25472,1748757.9164846786
25474,848011.8515650297
25477,779268.061995861
25479,1602221.7453755469
25480,3980311.3913349095
25491,2367679.42796982
25494,6189881.923865145
25500,2832702.5146275647
25501,2369850.5681796568
25503,723847.6986348184
25506,5429415.265115451
25509,5763018.2027394585
25520,5106618.941359969
25524,508310.0139955413
25525,6977089.477996869
25531,476314.07532507007
25532,2461121.6742247744
25535,682652.6515579694
25546,822199.3611261346
25547,1171530.2761127225
25550,1258810.6233296962
25553,756201.7431530552
25554,656483.495620525
25559,748791.2483774615
25560,2520365.0198738873
25562,1247454.7057240275
25564,3759806.333584829
25568,2055628.1189100605
25570,6067318.296308717
25577,1420874.189666489
25579,733060.5456114906
25580,3253478.8976203413
25583,1089355.5257029429
25584,797270.7579824864
25586,724002.216148619
25589,679508.544203965
25590,1312679.5975315077
25594,2676318.492851237
25596,1297326.3486832906
25599,2097374.6638170388
25603,1030121.0843518707
25605,938483.6759009226
25608,6019529.260417711
25610,1564316.1584327964
25613,1153184.2371411766
25614,1213371.1143490705
25619,725280.0822163459
25625,1908037.225103153
25627,4115561.5245825932
25628,6267612.606903387
25629,1770527.914637922
25633,768010.1100604255
25636,677957.0715552324
25638,1774957.9916580715
25640,1347285.6865544328
25643,3037178.776424144
25644,1854248.6710013102
25646,1476849.418693705
25649,2982747.5663535506
25653,1140738.3656242853
25657,1237957.7437110615
25660,3229097.41366663
25664,1974023.6577124337
25666,1543071.2153339323
25667,2365264.89252213
25669,1652176.7396115293
25670,867424.6725256649
25679,849139.1354552137
25682,2009723.885538326
25685,1138738.5707654818
25687,3788442.0135812256
25688,1311867.489029683
25691,3409569.110122384
25694,813210.1621441685
25695,3154111.473390849
25701,2248206.875625654
25704,2947436.70145102
25705,3754893.5192428823
25707,253081.67735021072
25709,641877.562869974
25710,827288.6939906537
25713,1912272.6763767048
25714,4082632.0616382635
25721,1482392.746321314
25723,1540840.859458363
25725,1212736.3284976943
25727,710141.1794455899
25729,5523621.253947459
25734,731583.0980788146
25737,4024265.9260161533
25740,259545.33129806054
25742,562439.4929556714
25748,788959.23063803
25751,488199.1178170418
25754,1453588.6697230118
25759,2253730.9643967627
25766,6024970.041759206
25767,1922025.4848872905
25773,998942.4701637402
25782,2055868.1352556248
25787,3489456.6200584443
25791,3981063.236113273
25792,4361072.355754802
25793,3858171.401446403
25796,1908235.6753821233
25799,3358661.0937214172
25805,728752.1718519193
25809,1996094.5087280583
25810,3490054.589959837
25819,322119.06335185445
25820,1074650.2336457816
25821,2777749.803030664
25824,1687029.9877402529
25831,1279323.8551599155
25840,1034432.7608124805
25847,1366267.9443594818
25848,3405600.457632889
25849,4063105.455439416
25853,1477795.5664235905
25859,840701.0938513831
25862,1969842.203422175
25871,3882473.3202787577
25872,1468565.653144389
25878,6208497.404402599
25879,4479444.856455012
25880,1790380.0957483395
25883,501753.6800605459
25886,3895610.4938254603
25888,5975259.144920122
25889,683811.0975923762
25890,1556265.1065028806
25892,1368933.8336672927
25895,135488.51346889185
25897,467124.89279743563
25899,735966.6051219937
25902,442459.1664942559
25904,3516389.142940119
25906,964763.7464528385
25907,1399536.5647698815
25916,492775.1704094049
25919,534013.736561365
25922,6472765.659179669
25929,7015567.308486011
25931,3958153.0177897285
25932,2035273.7133670622
25935,1477429.758018117
25940,1557761.791073504
25941,3155896.614245309
25944,1430282.998129923
25945,1247914.917226218
25953,55425.98192696518
25955,995850.1069284519
25958,4123402.4377778918
25960,2907032.9947363264
25961,1569050.7790966202
25964,856764.0622311158
25966,1439652.2067415072
25968,998824.7570125014
25975,969125.1801131119
25980,3791093.940496696
25981,1082522.8735658922
25982,1117942.0315460416
25990,1466313.1526747695
25991,6168772.982276272
25993,1516045.9598040625
25996,1616251.8699808808
25997,4001696.647805665
25999,1212629.6996153987
26003,1457589.699860917
26004,610730.734083141
26009,2312655.443216039
26010,6209982.014973665
26012,789999.6536985852
26014,398627.4202254086
26019,1817708.2625140098
26024,1081391.1713133906
26030,809013.6933475332
26032,2207893.000716107
26039,1114409.9787041796
26040,1109655.3396036923
26045,1902109.7364914536
26047,1030001.3011615503
26050,3384980.8073862423
26053,1252465.1984499805
26055,2188675.32476467
26056,444552.5787696047
26058,1943120.8683518234
26059,1379224.1202290875
26062,1725919.2293670578
26063,194154.05338499462
26066,618215.6138930531
26069,1179561.281900308
26071,782066.6658402722
26072,2149593.0585898384
26078,1996039.9321163318
26080,1340321.880383363
26081,1140802.297147056
26084,1127761.0172150852
26085,1752366.2562878456
26086,1077125.1281135795
26089,1472211.6940034418
26091,1574564.0223206645
26096,863701.5562798264
26099,1851451.9583615086
26102,1266315.1009595522
26104,1461417.404715986
26106,2860642.5345394933
26108,2626778.421312943
26110,710486.8970575617
26111,6080537.372938916
26112,3452656.9519229718
26118,6152999.145647433
26121,937376.4725264187
26122,1114621.6934099568
26123,926237.2795543344
26126,4135273.8920694846
26127,2462107.8353540697
26130,1085960.6727926987
26131,6770449.569663756
26134,2994084.057918531
26138,1948503.5312571966
26139,6302251.880796513
26140,840500.6766929922
26146,1165287.596495147
26149,816593.3848134509
26155,1088454.4926075558
26157,832771.3103209601
26158,857844.2021262548
26160,541445.4945334194
26161,1030381.6883766679
26162,3845341.0333089186
26163,1768340.1025901476
26170,657989.2746602322
26174,5838482.05846785
26176,1911768.030223754
26182,1048459.3391399202
26184,798497.755594309
26186,2150220.042492136
26187,604103.9203162333
26189,864389.166808188
26190,2643438.3142032484
26193,1110553.3079117984
26196,830141.2344603338
26203,2071316.3848525882
26204,2404895.405736137
26209,2397858.246510643
26214,802840.5305583952
26216,1096665.6665875216
26217,996195.5374869341
26219,4064259.4792360584
26220,597799.5077281417
26222,1900356.582767506
26227,1819925.216195066
26228,2489469.599710432
26232,3253234.8441122184
26233,936995.6606686538
26235,1271180.0020401343
26242,1274419.6904354692
26243,628833.262658105
26246,5143475.559655547
26247,1859641.8798196875
26252,1759717.9893342091
26255,662699.3829557176
26259,6133858.850658819
26263,659717.1356404361
26264,4224796.610340245
26265,3745627.806887645
26266,1401224.2678742288
26267,1094948.6717701014
26271,3760829.755541938
26276,1422737.3307905295
26277,18751.195608246955
26278,856870.1389295501
26286,1258649.8618735892
26289,962203.3324468522
26292,3120718.6164541445
26294,1564137.9589875077
26295,6184933.287832897
26298,1791365.9225258632
26300,4072179.096911103
26301,1093805.8443805096
26302,832203.4824459004
26304,2511688.9002121296
26310,6066681.149309024
26313,792018.200618676
26319,776965.6413919035
26321,2624110.1909660567
26323,807419.4592306337
26330,838985.7671637326
26331,2274629.309059684
26333,6212626.770681603
26334,1295026.2919488999
26335,1110293.5372887573
26336,931105.2821378395
26337,2779586.4361531334
26339,655889.9655713002
26340,689223.6897364482
26342,1145272.9542048152
26343,1824309.0766913542
26345,6083556.337064818
26346,4968377.400533594
26347,3465695.7244526343
26348,2552237.7439214373
26354,1998692.2320588308
26358,3455186.6195763433
26363,746941.3457767555
26370,603648.7834769064
26371,1013628.404374942
26374,1940828.3214459226
26377,1004979.2115264789
26378,753001.8692264257
26379,3865512.6500318483
26380,1511251.6171182385
26383,2838683.3596243183
26384,1014601.6364428697
26385,784775.9591826488
26387,2327741.21921852
26388,1876917.5808233833
26390,1779914.8185840282
26392,2786367.752621644
26394,3161290.483632851
26395,351249.8232752979
26398,794910.9647483593
26406,502335.96472552884
26407,5514914.484530138
26408,426099.78816239117
26412,2777413.659363705
26413,883843.0542522375
26414,1190785.4763201224
26419,586977.6093088945
26426,4292952.759637257
26427,676961.414058802
26428,3746405.421491255
26429,791366.63081358
26435,1720459.966772609
26436,2489233.3017337318
26442,1568140.9703547675
26444,5775547.3261735905
26445,1071375.6381663359
26449,2292057.923216587
26450,2906269.974109457
26451,1857474.28779118
26452,4016869.382240813
26458,675551.067206658
26459,834916.5133065977
26460,724867.0399427634
26461,1751944.2863325463
26462,3394124.644108804
26464,2847478.414536951
26466,1671137.7970849024
26470,4020710.6097807004
26471,1328081.228065481
26477,670767.0280298487
26479,4100093.6693301382
26483,1807575.855006844
26484,638966.4228478445
26485,1806905.0601710142
26487,1722679.061484496
26489,1155019.5413866858
26493,2263136.707635361
26498,1993975.3414708863
26504,849369.9880638057
26507,6041876.142429467
26508,505466.6695115397
26509,5312533.64194423
26513,3239139.219190375
26523,510093.3197649459
26525,287565.8968436271
26526,153066.87494523008
26530,2502346.3330746368
26531,2308898.595119972
26533,1130074.246627456
26534,1235755.9490597786
26536,1988616.394961226
26537,3765887.9903459
26541,4590702.286941906
26545,603043.4315638123
26547,1126543.9239864233
26549,2379480.8914252063
26550,2218214.8642451623
26551,1354519.9875540482
26553,2918265.2703002295
26554,757678.3012991012
26555,417803.93925499124
26560,926626.4012698502
26562,3750800.505303701
26564,742326.3611174221
26566,1513794.5196499978
26569,661816.457908377
26571,1123488.0018242118
26573,3615210.7950205514
26574,1374362.3036860442
26575,6041486.81805435
26578,6367822.433176789
26579,2874764.3248130223
26582,1105269.69189142
26583,1789761.378674688
26587,729698.9573528325
26592,823135.0752299752
26594,1489369.101298355
26595,1881826.2830043102
26596,1017050.5011876747
26598,828282.9814126121
26604,1532301.152015833
26606,1112457.926295334
26614,3118220.6183035723
26615,2422781.8355568782
26618,3759680.2204317334
26619,686236.830316891
26620,1012121.6724858368
26622,940618.6516320202
26627,947276.8982399865
26628,812689.5650801552
26630,4158461.8293812783
26634,1249998.4469368407
26638,383193.88660557603
26642,1037733.6639312953
26645,2073274.5938360873
26647,1474534.8879290107
26651,6417693.989809647
26652,4066817.427693718
26655,3792652.8702453272
26658,2408546.4095275705
26659,1563559.9226196478
26661,2175469.7690026443
26662,1871483.7458276164
26664,6368997.255791973
26665,802174.3961942941
26667,530005.8530661594
26668,6207880.31092307
26669,1518853.4233327785
26671,1072622.8839476588
26674,706794.9575029404
26675,595697.2318139072
26677,1511085.098355287
26679,911739.2948484723
26681,4131371.5111464835
26682,545052.657687699
26683,2009087.764800921
26684,892119.3609089598
26686,1842912.006544123
26687,475165.99547798577
26688,1838903.5180281063
26690,388431.4419592724
26691,620497.3224509251
26694,1115417.246233344
26697,6255654.307345869
26698,1907746.224486447
26700,1379027.349003355
26704,2164281.410510443
26707,764857.8781539253
26714,1936587.2765085194
26715,734166.604714387
26719,808456.1033488554
26721,5914342.548853328
26723,936194.3707133143
26729,6101073.699217822
26730,857226.206135581
26732,1116418.060433727
26734,789308.643445658
26736,1483196.059547062
26737,638803.7384993696
26738,729067.4632492282
26743,1038916.6616642065
26748,772111.2548256477
26749,1273629.682441617
26755,1693971.6076550859
26756,624323.2739458164
26762,1180018.8494689374
26767,2633780.8488506884
26768,1144195.8573032066
26769,1242960.225473207
26772,2924453.0578740234
26773,2477726.307420529
26779,1392963.1594657716
26780,950461.4321183743
26782,1929281.1534441211
26785,2019718.1902742363
26790,1551161.21437022
26791,2310122.357205445
26792,2294390.790630469
26794,1952138.2755205738
26800,2556753.5372830834
26806,1327855.1560769167
26808,5333784.757821986
26814,1524892.1131076468
26817,2073731.1078718721
26818,2282495.7701863474
26819,831660.165460148
26821,1274575.3218478977
26833,1138548.067521894
26836,829571.7947432812
26838,5632045.917404726
26839,1081962.4557290468
26842,1473454.1824638736
26845,3880465.072710501
26847,2979232.7835937287
26849,1112308.8851405736
26850,2836240.097632739
26851,1724340.7647337632
26854,3080319.1023097397
26857,3955577.6145367664
26858,823905.296891217
26860,1075707.5410438196
26861,1530404.9449107558
26863,1160662.9925577112
26868,741756.2761646798
26869,1108502.1285380784
26877,738626.8140279448
26878,900873.2754511416
26879,3074058.1687509683
26885,6001916.44744895
26887,1040140.6868512647
26891,1093330.636510975
26892,1329833.0155496118
26894,789847.9499228143
26895,1152993.4560602847
26898,2457154.4720849553
26903,888069.4475752464
26904,3396409.269061101
26909,699754.7231084111
26911,1525886.616482441
26916,972688.1908152655
26917,827288.8597012013
26919,3777194.621201988
26934,696776.2560279304
26936,1932070.7450351557
26937,1158496.7934128393
26939,1090190.5376440508
26941,3447333.4688013373
26942,6326365.727201609
26944,2057980.620854935
26945,643674.2929268428
26946,4046691.791070257
26947,3981060.1706222743
26948,1628925.6329336306
26955,1242195.6991094504
26956,1391080.1270123767
26958,848543.310290592
26959,3791012.597657673
26961,1023716.7631122861
26962,1346564.6869023559
26963,3393996.2395046568
26967,5961794.286578126
26969,2156234.318032776
26971,2334912.0412107725
26972,1403129.371225248
26974,5613534.793278603
26975,584548.5010122049
26976,1502292.3094061539
26977,1594645.3694878437
26980,878750.8803999729
26983,316868.58772734227
26984,1019127.7505168065
26986,1770642.1917123976
26987,855522.9234075663
26988,2336163.064945249
26989,599692.1626783959
26992,187405.90485022846
26994,6155194.408267496
26996,1383747.048722662
26998,2287952.723682139
27002,1249764.7447127479
27003,1086707.437545681
27009,3555728.3455109135
27011,2013728.0708067082
27013,1478060.0674066055
27017,1071675.964538542
27023,1979395.643988747
27024,1113895.816674626
27026,766214.9491934568
27028,91377.78420688794
27029,1168918.9431453818
27030,6973984.281007832
27032,1616927.9065582708
27034,1217083.4431309989
27037,2481223.240697639
27041,1567132.015266045
27042,2018927.2983740217
27046,1348502.2824152461
27058,3218078.0395951164
27059,1495572.3899504272
27061,3773054.0384566947
27063,7173685.864232911
27068,2047587.094703143
27070,2808072.5250902115
27072,1781490.6261836516
27074,5256975.806683574
27075,1164985.3495026003
27076,609794.1568529145
27077,2555762.513386843
27079,684951.4885927346
27080,631789.7059312048
27081,2408662.07932397
27085,1120991.5160540729
27087,1132299.209140032
27091,1186263.3025375442
27097,4000385.0798165738
27101,463658.35292308335
27102,1931454.9292065217
27105,7021921.338208692
27106,5621330.848036313
27107,1387154.6154323681
27108,812542.4306635485
27113,1915578.614610162
27127,2789628.849869627
27132,2395880.9834912736
27134,800501.4010093597
27135,854462.3561654022
27138,891534.1447050152
27143,3590011.0770380176
27144,1534063.6288293423
27147,5815162.647370439
27150,910855.1419289471
27151,1783698.849986942
27152,6949269.448506381
27155,790446.018476531
27157,1425943.1503363757
27162,810750.8353728815
27164,6218575.914051978
27169,3057079.2152394303
27170,1110997.4525554888
27172,2108131.2058556625
27175,1533224.7557866853
27176,632508.3469061167
27177,1169315.4056036556
27188,3097625.592040231
27190,3911626.353051277
27192,6012755.3124400135
27195,3772467.4911407246
27196,6224885.2557204105
27198,507285.7590271747
27200,2772159.742736066
27202,5483118.593556806
27203,1175664.7318928565
27206,896237.1508182625
27207,3935319.2194667566
27208,806898.7026684892
27211,1930735.9277558157
27212,881347.4287147219
27213,1826903.7904967158
27215,6098577.647414902
27216,1176521.75803356
27221,1224609.8128690599
27222,3976671.5701475567
27224,3375894.183095058
27226,2428419.223745881
27230,885805.4488861522
27231,2083311.4107776792
27232,1080081.9926514118
27237,796490.097397449
27244,726473.953440146
27248,1477073.129470021
27251,1038868.3983271758
27254,504880.4191076376
27255,561468.9943205465
27257,1350492.1942567336
27262,829527.3597889635
27263,876651.1746690262
27265,1561012.810786964
27267,921571.449521753
27268,762198.6485798322
27273,707680.7177160336
27277,1295736.0657993797
27278,1682932.0158008132
27279,1684170.3557593464
27285,1032868.682820494
27287,322709.84028607834
27288,767434.76960615
27292,392524.6402711399
27293,546788.3187483758
27295,6304500.639422458
27297,6243226.90917938
27298,3098643.4670012468
27299,859092.0739979408
27303,5742072.832676521
27304,1184281.9751879545
27307,979692.5598465065
27311,872391.9041385548
27314,1809711.0389583465
27316,1446109.1252236082
27317,916585.8596434509
27318,1215850.8988824685
27320,1869660.5998716445
27324,1904700.620912207
27325,1037681.865588133
27328,2297899.9567207177
27333,1830199.4030647161
27342,962803.9490241572
27344,3083785.7172842524
27350,3288621.0283540427
27357,4076211.925481685
27359,2159360.4391380236
27363,1475956.1833780394
27364,971542.2327806021
27373,1552104.9525195928
27375,3684306.45298655
27376,836643.0774956022
27377,2040890.89750703
27378,791413.0671575894
27381,1685976.2505008553
27389,2826066.527086154
27391,463649.4196804182
27393,1826697.615229856
27394,7080068.020511543
27395,822373.3783237614
27397,873597.7193279634
27398,2561342.944983014
27404,452129.4804237053
27405,4756164.005374353
27407,1151591.0047230215
27410,100011.22202217416
27413,5969594.908644872
27416,1576282.1599167774
27420,3710328.0778926904
27424,1141109.109917283
27428,1422875.692346881
27429,1156018.2900177757
27433,1553528.4442034
27442,2386863.1919048936
27444,5935667.216505045
27451,963727.9421193239
27455,6292208.517794672
27459,2376095.168780295
27460,3344860.8341370868
27462,1055615.081328753
27463,1100126.594510798
27464,714038.0585024484
27473,2032909.2762010205
27476,1023735.279521359
27477,2351185.0122678857
27478,1837564.9056919853
27479,1500455.9169253823
27483,983539.3076947872
27487,3215410.1180839725
27488,901814.5636690018
27489,6066024.450240944
27490,1060435.8883013525
27491,1276526.4606793455
27493,870823.7248369949
27496,1977473.6355795409
27507,5951765.927962294
27518,764764.2056572291
27519,937493.4507456606
27521,1302775.6832509828
27522,1311895.235712645
27525,1238620.114326637
27527,1828121.5825380965
27531,6031367.971423712
27533,1504305.529872036
27538,3529158.5787042337
27542,1072906.419979506
27545,2492591.2929158243
27547,3978085.4740502806
27548,1076910.4815368992
27549,2119177.7957831323
27553,1050020.9952760811
27554,1943913.2694002853
27557,1745112.5569155382
27558,2490398.389200923
27559,3405144.0087761898
27560,2421500.5645662015
27563,2902921.7896344424
27565,3446718.4247301403
27566,724737.2372991422
27567,5527463.566749506
27568,5913719.948798047
27570,2656863.20658115
27571,474719.1383828598
27575,1720196.9876842077
27576,1702599.8457794534
27579,1717923.8110821757
27581,722347.9088583781
27585,431456.5386751656
27589,1503239.764509067
27590,4042298.6099102036
27596,814005.7639439604
27597,2045415.70956211
27599,1149259.0657825395
27600,615749.3671053958
27602,4001330.1576582515
27603,1037979.7496917795
27608,1818362.0818638622
27611,2644969.0348296505
27613,6370408.626988903
27614,1062949.3869024646
27618,1070157.392023585
27622,3328795.678966524
27624,620629.100802863
27626,752352.4523630862
27629,1883012.144972983
27632,4041983.097620345
27633,1897963.8606074275
27634,2382237.122550158
27637,2298797.526643882
27638,914917.3866656746
27642,786488.9410148544
27643,3404041.996812966
27652,4199450.01706321
27659,1774771.9164599197
27660,1806373.6782052692
27662,6407805.788408423
27665,924829.8744293711
27670,1185285.0795608023
27671,1779345.3419015803
27677,2771095.9714974063
27678,2228595.7870391295
27682,2452885.04851953
27683,1924268.551743708
27685,1502316.095879349
27686,6296625.519044282
27697,3907995.110405932
27699,305256.1447359257
27700,6850248.973005526
27703,1049505.4624824917
27704,6039083.16380683
27708,905272.3753302046
27715,964417.5914600447
27716,1120920.8494558996
27717,1171680.4310030667
27718,1572608.302749368
27721,-246284.96734240768
27722,811370.5743875466
27728,38241.7189210034
27729,3475331.2288131374
27730,656299.3774997136
27732,3474678.5374054792
27737,1639699.4548707642
27741,1609779.9490389093
27743,1639634.156204677
27745,814858.6481017126
27751,2050572.7823821595
27753,1191138.0651489408
27754,652458.0095544022
27757,1593528.4894030031
27762,640076.6017748308
27763,1302069.179619824
27765,539177.2715233504
27771,6305058.302676929
27779,1412186.8385865528
27781,1809745.555878191
27785,6047686.23125666
27786,1676361.5673662324
27788,2751648.5261332938
27789,3277298.924337715
27791,2627081.3520823373
27793,1672639.012311414
27799,2242509.237507341
27805,1397235.284269161
27808,97385.86439708923
27812,990181.1548849983
27815,1032461.860020176
27816,1111476.4144711457
27817,758552.8689917373
27818,1323338.3587048294
27819,549468.8715728606
27820,3173914.086796619
27824,5875243.328327179
27825,634616.0249850072
27826,725541.0828385495
27832,1216741.2817873273
27839,3551988.258771531
27840,703008.7517551805
27843,1772198.9745173159
27848,533373.4675963557
27850,5850741.272094192
27853,7198425.85796812
27854,2629978.9174535577
27857,410616.0914310518
27862,2129321.223870207
27864,1752927.848381762
27865,5800032.152428085
27866,1765174.3050156368
27870,1343951.2076676544
27872,1208947.4577944067
27873,1045391.8498233671
27874,1749143.298703989
27878,1004230.8260103941
27879,820455.2333231035
27881,468766.084110253
27889,1930661.465755659
27890,4170560.0570220607
27893,3746010.8379081837
27898,3661397.6882640636
27900,1421461.6443845597
27909,1788421.3895912129
27918,3907730.7774410057
27921,699397.1906457355
27940,830763.8955512283
27941,3590833.7520572133
27946,2131663.736318633
27947,410970.57345840055
27948,5190726.029951358
27949,1606156.9481776173
27952,1449981.2599738003
27955,4045529.202565557
27959,424810.9227419202
27960,3112005.4159356733
27962,883137.0085441512
27964,1303373.4448159884
27968,5794691.826557377
27973,1720772.6479619984
27976,2071294.2709230804
27981,118646.82078006677
27984,6039677.056922497
27985,1014284.3187253299
27986,1436213.839647357
27990,1084606.955446933
